{
  "openTime": 1623213480000,
  "open": 32790.58,
  "high": 32806,
  "low": 32750.05,
  "close": 32769.98,
  "volume": 297.73,
  "closeTime": 1623213539999,
  "quoteAssetVolume": 9757605.11494,
  "numTrades": 2861,
  "takerBuyBaseAssetVolume": 143.441,
  "takerBuyQuoteAssetVolume": 4700962.90829,
  "ignore": 0
}